{
  "1080x1350_black": { "left": 116.564345319945, "top": 1143.23733036917, "width": 846.871309360111, "height": 977.660305721281, "docWidth": 1080, "docHeight": 1350 },
  "1080x1350_green": { "left": 116.564345319945, "top": 1143.23733036917, "width": 846.871309360111, "height": 977.660305721281, "docWidth": 1080, "docHeight": 1350 },
  "1080x1350_urgent": { "left": 116.564345319945, "top": 1143.23733036917, "width": 846.871309360111, "height": 977.660305721281, "docWidth": 1080, "docHeight": 1350 },
  "1080x1350_white": { "left": 116.564345319945, "top": 1143.23733036917, "width": 846.871309360111, "height": 977.660305721281, "docWidth": 1080, "docHeight": 1350 }
}